
<!DOCTYPE digester-rules PUBLIC 
        "-//Jakarta Apache //DTD digester-rules XML V1.0//EN" 
        "http://jakarta.apache.org/commons/digester/dtds/digester-rules.dtd">
<digester-rules>
 <pattern value="base-structure">
  <object-create-rule classname="net.sf.minuteProject.loader.implicitstructure.node.BaseStructure"/>
  <set-next-rule methodname="setBaseStructure" paramtype="net.sf.minuteProject.loader.implicitstructure.node.BaseStructure"/>
  <set-properties-rule>
   <alias prop-name="name" attr-name="name"/>
   <alias prop-name="id" attr-name="id"/>
   <alias prop-name="structureType" attr-name="structure-type"/>
   <alias prop-name="separator" attr-name="separator"/>
   <alias prop-name="location" attr-name="location"/>
   <alias prop-name="packageName" attr-name="package-name"/>
  </set-properties-rule>
  <pattern value="lines">
   <object-create-rule classname="net.sf.minuteProject.loader.implicitstructure.node.Lines"/>
   <set-next-rule methodname="setLines" paramtype="net.sf.minuteProject.loader.implicitstructure.node.Lines"/>
   <set-properties-rule>
    <alias prop-name="name" attr-name="name"/>
    <alias prop-name="id" attr-name="id"/>
    <alias prop-name="packageName" attr-name="package-name"/>
   </set-properties-rule>
   <pattern value="line">
    <object-create-rule classname="net.sf.minuteProject.loader.implicitstructure.node.Line"/>
    <set-next-rule methodname="setLine" paramtype="net.sf.minuteProject.loader.implicitstructure.node.Line"/>
    <set-properties-rule>
     <alias prop-name="name" attr-name="name"/>
     <alias prop-name="id" attr-name="id"/>
     <alias prop-name="launchExecutable" attr-name="launch-executable"/>
     <alias prop-name="packageName" attr-name="package-name"/>
    </set-properties-rule>
   </pattern>
  </pattern>
 </pattern>

</digester-rules>